{"ENV_Online Simulation_TotalLoss": 5704.4107634936945, "ENV_Online Simulation_TotalLoss_epoch0": 5704.4107634936945, "ENV_Online Simulation_Right action": 0.6408634214485278, "ENV_Online Simulation_Right action_epoch0": 0.6408634214485278, "ENV_Online Simulation_Probability to choose the right action": 0.55922651054926, "ENV_Online Simulation_Probability to choose the right action_epoch0": 0.55922651054926, "ENV_Online Simulation_Weighted right action": 0.6401781895252012, "ENV_Online Simulation_Weighted right action_epoch0": 0.6401781895252012, "ENV_Online Simulation_Weighted probability to choose the right action:": 0.5592276493083824, "ENV_Online Simulation_Weighted probability to choose the right action:_epoch0": 0.5592276493083824, "_timestamp": 1714034431.2164638, "_runtime": 495.06103682518005, "_step": 2, "ENV_Train_TotalLoss": 1212.8993778568897, "ENV_Train_TotalLoss_epoch0": 1212.8993778568897, "ENV_Train_Right action": 0.704468891094368, "ENV_Train_Right action_epoch0": 0.704468891094368, "ENV_Train_Probability to choose the right action": 0.629649984302716, "ENV_Train_Probability to choose the right action_epoch0": 0.629649984302716, "ENV_Train_Weighted right action": 0.704468891094368, "ENV_Train_Weighted right action_epoch0": 0.704468891094368, "ENV_Train_Weighted probability to choose the right action:": 0.629649984302716, "ENV_Train_Weighted probability to choose the right action:_epoch0": 0.629649984302716, "ENV_Test_TotalLoss": 324.44539858660943, "ENV_Test_TotalLoss_epoch0": 324.44539858660943, "ENV_Test_Right action": 0.716608, "ENV_Test_Right action_epoch0": 0.716608, "ENV_Test_Probability to choose the right action": 0.6431493704411696, "ENV_Test_Probability to choose the right action_epoch0": 0.6431493704411696, "ENV_Test_Weighted right action": 0.6869175465897547, "ENV_Test_Weighted right action_epoch0": 0.6869175465897547, "ENV_Test_Weighted probability to choose the right action:": 0.6049466698282822, "ENV_Test_Weighted probability to choose the right action:_epoch0": 0.6049466698282822, "ENV_Test_proba_accuracy": 0.6431493704411693, "ENV_Test_proba_accuracy_epoch0": 0.6431493704411693, "ENV_Test_proba_accuracy_strategy_132": 0.5854392057189275, "ENV_Test_proba_accuracy_strategy_132_epoch0": 0.5854392057189275, "ENV_Test_proba_accuracy_strategy_23": 0.6793000777350978, "ENV_Test_proba_accuracy_strategy_23_epoch0": 0.6793000777350978, "ENV_Test_proba_accuracy_strategy_107": 0.610188641716436, "ENV_Test_proba_accuracy_strategy_107_epoch0": 0.610188641716436, "ENV_Test_proba_accuracy_strategy_43": 0.5942007060621521, "ENV_Test_proba_accuracy_strategy_43_epoch0": 0.5942007060621521, "ENV_Test_proba_accuracy_strategy_17": 0.6422412646015202, "ENV_Test_proba_accuracy_strategy_17_epoch0": 0.6422412646015202, "ENV_Test_proba_accuracy_strategy_93": 0.6238749046657379, "ENV_Test_proba_accuracy_strategy_93_epoch0": 0.6238749046657379, "ENV_Test_proba_accuracy_per_mean_strategy": 0.6225408000833119, "ENV_Test_proba_accuracy_per_mean_strategy_epoch0": 0.6225408000833119, "ENV_Test_proba_accuracy_per_mean_user": 0.6310972238098892, "ENV_Test_proba_accuracy_per_mean_user_epoch0": 0.6310972238098892, "ENV_Test_proba_accuracy_per_mean_user_and_bot": 0.6049466698282828, "ENV_Test_proba_accuracy_per_mean_user_and_bot_epoch0": 0.6049466698282828, "ENV_Test_accuracy": 0.716608, "ENV_Test_accuracy_epoch0": 0.716608, "ENV_Test_accuracy_strategy_132": 0.6702549575070822, "ENV_Test_accuracy_strategy_132_epoch0": 0.6702549575070822, "ENV_Test_accuracy_strategy_23": 0.742284698658911, "ENV_Test_accuracy_strategy_23_epoch0": 0.742284698658911, "ENV_Test_accuracy_strategy_107": 0.6978653530377669, "ENV_Test_accuracy_strategy_107_epoch0": 0.6978653530377669, "ENV_Test_accuracy_strategy_43": 0.6774809160305344, "ENV_Test_accuracy_strategy_43_epoch0": 0.6774809160305344, "ENV_Test_accuracy_strategy_17": 0.72005444646098, "ENV_Test_accuracy_strategy_17_epoch0": 0.72005444646098, "ENV_Test_accuracy_strategy_93": 0.6987060998151571, "ENV_Test_accuracy_strategy_93_epoch0": 0.6987060998151571, "ENV_Test_accuracy_per_mean_strategy": 0.7011077452517386, "ENV_Test_accuracy_per_mean_strategy_epoch0": 0.7011077452517386, "ENV_Test_accuracy_per_mean_user": 0.7084240575948831, "ENV_Test_accuracy_per_mean_user_epoch0": 0.7084240575948831, "ENV_Test_accuracy_per_mean_user_and_bot": 0.6869175465897549, "ENV_Test_accuracy_per_mean_user_and_bot_epoch0": 0.6869175465897549, "_wandb": {"runtime": 638}}